DETIPOIMPOSTO,DETIPOMVPROCESSO,media_prazo,total_movimentacoes,total_processos,media_movimentacoes_por_processo
CIP - Contribuição de Iluminação Pública,Encaminhar p/ Assessoria DIGRAD,33.823529,17,7,1.29
CIP - Contribuição de Iluminação Pública,Encaminhar p/ Assessoria GEMED,32.128205,78,36,1.25
CIP - Contribuição de Iluminação Pública,Encaminhar p/ Assessoria GEPEQ,20.249562,1142,419,1.57
CIP - Contribuição de Iluminação Pública,Encaminhar p/ Assessoria NESPEF,30.313559,118,65,1.06
CIP - Contribuição de Iluminação Pública,Encaminhar p/ Procurador PRODEF,26.710526,380,158,1.34
CIP - Contribuição de Iluminação Pública,Não Classificada,33,2,1,1
CIP - Contribuição de Iluminação Pública,Resposta da Solicitação,10,2,1,1
CIP - Contribuição de Iluminação Pública,Via Eletrônica,12.5,4,1,2
Contribuição Fundo Criança e Adolescente,Encaminhar p/ Assessoria GEPEQ,12,1,1,1
CP - Custas Processuais,Encaminhar p/ Assessoria GEPEQ,30.5,2,1,2
CP - Custas Processuais,Encaminhar p/ Assessoria NESPEF,11,1,1,1
CP - Custas Processuais,Não Classificada,31,1,1,1
Divida Ativa FAC,Encaminhar p/ Assessoria DIGRAD,32,1,1,1
FUNGER,Encaminhar p/ Assessoria GEMED,28.09836,61,41,1.32
FUNGER,Encaminhar p/ Assessoria GEPEQ,21.153275,1618,900,1.79
FUNGER,Encaminhar p/ Assessoria NESPEF,29.852272,88,75,1.15
FUNGER,Encaminhar p/ Procurador PRODEF,29.083333,276,182,1.42
FUNGER,Não Classificada,24,1,1,1
FUNGER,Resposta da Solicitação,10,5,5,1
Honorários Advocatícios,Encaminhar p/ Procurador PRODEF,36,1,1,1
Honorários Advocatícios PROJUR,Encaminhar p/ Assessoria GEPEQ,12.5,2,1,2
IBRAM - Inscrição DAT,Encaminhar p/ Assessoria GEMED,31.5,2,2,1
IBRAM - Inscrição DAT,Encaminhar p/ Assessoria GEPEQ,18.742424,66,26,1.92
IBRAM - Inscrição DAT,Encaminhar p/ Assessoria NESPEF,23,2,2,1
IBRAM - Inscrição DAT,Encaminhar p/ Procurador PRODEF,30.285714,7,6,1.17
ICMS - Adicional Fundo de Combate a Fome,Encaminhar p/ Assessoria DIGRAD,30.819047,105,26,1.08
ICMS - Adicional Fundo de Combate a Fome,Encaminhar p/ Assessoria GEPEQ,13.275862,29,7,1.14
ICMS - Adicional Fundo de Combate a Fome,Encaminhar p/ Assessoria NESPEF,34.25,4,2,1
ICMS - Adicional Fundo de Combate a Fome,Encaminhar p/ Procurador PRODEF,27.5,12,1,4
ICMS - Adicional Fundo de Combate a Fome,Não Classificada,44,25,2,1
ICMS - Antecipado,Encaminhar p/ Assessoria DIGRAD,22.137142,175,28,1.14
ICMS - Antecipado,Encaminhar p/ Assessoria GEPEQ,15.04,50,13,1.38
ICMS - Antecipado,Encaminhar p/ Assessoria NESPEF,30,1,1,1
ICMS - Antecipado,Encaminhar p/ Procurador PRODEF,23.2,5,3,1.67
ICMS - Antecipado,Não Classificada,25,24,10,1.1
ICMS - Antecipado,Via Eletrônica,31,1,1,1
ICMS - Auto de Infração,Acolhendo/rejeit. embargos s/ alt. result. desfavorável/parc,15,1,1,1
ICMS - Auto de Infração,Citação,15,1,1,1
ICMS - Auto de Infração,Com antecipação de tutela / Liminar deferida,29,6,1,1
ICMS - Auto de Infração,Desfavorável ao Distrito Federal,15,1,1,1
ICMS - Auto de Infração,Embargos de declaração,5,1,1,1
ICMS - Auto de Infração,Encaminhar p/ Assessoria DIGRAD,33.95245,1367,1033,1.13
ICMS - Auto de Infração,Encaminhar p/ Assessoria GEMED,27.548387,31,23,1.17
ICMS - Auto de Infração,Encaminhar p/ Assessoria GEPEQ,22.083636,1375,746,1.59
ICMS - Auto de Infração,Encaminhar p/ Assessoria NESPEF,27.355932,118,94,1.1
ICMS - Auto de Infração,Encaminhar p/ Procurador PRODEF,26.855555,360,240,1.25
ICMS - Auto de Infração,Expedida,18.666666,3,2,1
ICMS - Auto de Infração,Intimação - Cumprimento de Sentença - quantia certa Art. 535,15,1,1,1
ICMS - Auto de Infração,Não Classificada,40.550632,316,232,1.13
ICMS - Auto de Infração,Não solicitado,16,4,4,1
ICMS - Auto de Infração,Para manifestação/providências em 15 dias,17.5,8,7,1
ICMS - Auto de Infração,Prosseguimento,30,3,2,1
ICMS - Auto de Infração,Réplica / impugnação de embargos,15,9,5,1
ICMS - Auto de Infração,Resposta da Solicitação,16.666666,6,4,1.5
ICMS - Auto de Infração,Via Eletrônica,29.85,20,14,1.07
ICMS - Fundo de combate a pobreza,Encaminhar p/ Assessoria DIGRAD,22.027777,72,36,1.03
ICMS - Fundo de combate a pobreza,Encaminhar p/ Assessoria GEPEQ,13.647058,17,9,1.56
ICMS - Fundo de combate a pobreza,Encaminhar p/ Assessoria NESPEF,11.5,2,2,1
ICMS - Fundo de combate a pobreza,Encaminhar p/ Procurador PRODEF,10,1,1,1
ICMS - Fundo de combate a pobreza,Não Classificada,24,2,2,1
ICMS - Fundo de combate a pobreza,Via Eletrônica,13,1,1,1
ICMS - Imp. Circulação Mercadorias Serv.,Apelação,15.921052,38,3,1.33
ICMS - Imp. Circulação Mercadorias Serv.,Após manifestação,15,16,1,1
ICMS - Imp. Circulação Mercadorias Serv.,Citação,15,1,1,1
ICMS - Imp. Circulação Mercadorias Serv.,Com antecipação de tutela / Liminar deferida,29,16,1,1
ICMS - Imp. Circulação Mercadorias Serv.,Cumpra-se Sentença / Acórdão / Decisão,20,10,1,1
ICMS - Imp. Circulação Mercadorias Serv.,Desfavorável ao Distrito Federal,5,16,2,1
ICMS - Imp. Circulação Mercadorias Serv.,Embargos de declaração,5,17,3,1
ICMS - Imp. Circulação Mercadorias Serv.,Encaminhar p/ Assessoria DIGRAD,32.327888,42606,4391,1.15
ICMS - Imp. Circulação Mercadorias Serv.,Encaminhar p/ Assessoria GEFAL,30.96,50,6,1
ICMS - Imp. Circulação Mercadorias Serv.,Encaminhar p/ Assessoria GEMED,27.79889,721,85,1.08
ICMS - Imp. Circulação Mercadorias Serv.,Encaminhar p/ Assessoria GEPEQ,22.89805,45915,4038,1.66
ICMS - Imp. Circulação Mercadorias Serv.,Encaminhar p/ Assessoria NESPEF,25.101879,4947,664,1.08
ICMS - Imp. Circulação Mercadorias Serv.,Encaminhar p/ Assessoria NUAR,11,4,1,1
ICMS - Imp. Circulação Mercadorias Serv.,Encaminhar p/ Assessoria PRODEF,12,1,1,1
ICMS - Imp. Circulação Mercadorias Serv.,Encaminhar p/ Procurador NESPEF,53,1,1,1
ICMS - Imp. Circulação Mercadorias Serv.,Encaminhar p/ Procurador PRODEF,27.144332,10164,1178,1.28
ICMS - Imp. Circulação Mercadorias Serv.,Expedida,30.610169,59,9,1
ICMS - Imp. Circulação Mercadorias Serv.,Extinção,15,2,1,1
ICMS - Imp. Circulação Mercadorias Serv.,Intimação - Cumprimento de Sentença - quantia certa Art. 535,15,3,1,1
ICMS - Imp. Circulação Mercadorias Serv.,Não Classificada,37.308098,5680,715,1.1
ICMS - Imp. Circulação Mercadorias Serv.,Não solicitado,16.166666,12,5,1
ICMS - Imp. Circulação Mercadorias Serv.,Outras decisões recorríveis,30,1,1,1
ICMS - Imp. Circulação Mercadorias Serv.,Para manifestação/providências em 10 dias,10,13,2,1
ICMS - Imp. Circulação Mercadorias Serv.,Para manifestação/providências em 15 dias,15,74,17,1.06
ICMS - Imp. Circulação Mercadorias Serv.,Para manifestação/providências em 5 dias,5,13,1,1
ICMS - Imp. Circulação Mercadorias Serv.,Prosseguimento,30,7,1,1
ICMS - Imp. Circulação Mercadorias Serv.,Réplica / impugnação de embargos,15,52,9,1
ICMS - Imp. Circulação Mercadorias Serv.,Resposta - Protesto,11,1,1,1
ICMS - Imp. Circulação Mercadorias Serv.,Resposta da Solicitação,23.958333,216,19,1.26
ICMS - Imp. Circulação Mercadorias Serv.,Resposta de Ofício,5,9,1,1
ICMS - Imp. Circulação Mercadorias Serv.,Via Eletrônica,31.690376,956,82,1.07
ICMS - Importação,Encaminhar p/ Assessoria DIGRAD,29.166666,12,9,1.33
ICMS - Importação,Encaminhar p/ Assessoria GEPEQ,23.411764,17,7,2.29
ICMS - Importação,Encaminhar p/ Assessoria NESPEF,21.5,4,3,1.33
ICMS - Importação,Encaminhar p/ Procurador PRODEF,20.222222,9,2,2.5
ICMS - Importação,Não Classificada,48.333333,3,2,1.5
ICMS - Não Contribuinte - Outra UF,Apelação,15,20,1,1
ICMS - Não Contribuinte - Outra UF,Após manifestação,28,2,1,1
ICMS - Não Contribuinte - Outra UF,Desfavorável ao Distrito Federal,15,13,1,1
ICMS - Não Contribuinte - Outra UF,Embargos de declaração,7.241379,29,2,1
ICMS - Não Contribuinte - Outra UF,Encaminhar p/ Assessoria DIGRAD,25.023832,11623,790,1.03
ICMS - Não Contribuinte - Outra UF,Encaminhar p/ Assessoria GEMED,14,50,7,1
ICMS - Não Contribuinte - Outra UF,Encaminhar p/ Assessoria GEPEQ,18.138949,2742,168,2.04
ICMS - Não Contribuinte - Outra UF,Encaminhar p/ Assessoria NESPEF,25.162303,382,44,1.02
ICMS - Não Contribuinte - Outra UF,Encaminhar p/ Assessoria NUAR,11,4,1,1
ICMS - Não Contribuinte - Outra UF,Encaminhar p/ Procurador PRODEF,16.111764,680,42,1.12
ICMS - Não Contribuinte - Outra UF,Extinção do Processo sem resolução do mérito,10,26,1,1
ICMS - Não Contribuinte - Outra UF,Intimação - Cumprimento de Sentença - quantia certa Art. 535,15,85,4,1
ICMS - Não Contribuinte - Outra UF,Não Classificada,20.536649,764,51,1.04
ICMS - Não Contribuinte - Outra UF,Não solicitado,15,7,1,1
ICMS - Não Contribuinte - Outra UF,Para manifestação/providências em 10 dias,9.333333,24,2,1
ICMS - Não Contribuinte - Outra UF,Para manifestação/providências em 5 dias,32,5,1,1
ICMS - Não Contribuinte - Outra UF,Resposta da Solicitação,5.133333,30,2,1
ICMS - Não Contribuinte - Outra UF,Via Eletrônica,33.189189,74,7,1
ICMS - Outra UF,Encaminhar p/ Assessoria DIGRAD,29.661676,668,86,1.05
ICMS - Outra UF,Encaminhar p/ Assessoria GEFAL,33,3,1,1
ICMS - Outra UF,Encaminhar p/ Assessoria GEPEQ,18.659482,232,30,1.8
ICMS - Outra UF,Encaminhar p/ Assessoria NESPEF,30.133333,15,6,1
ICMS - Outra UF,Encaminhar p/ Assessoria NUAR,11,3,1,1
ICMS - Outra UF,Encaminhar p/ Procurador PRODEF,25.785714,56,10,1.4
ICMS - Outra UF,Não Classificada,27.461538,65,10,1
ICMS - Outra UF,Para manifestação/providências em 10 dias,10,2,1,1
ICMS - Outra UF,Via Eletrônica,35.5,8,2,1
ICMS - Simples EPP,Encaminhar p/ Assessoria DIGRAD,41.665427,807,136,1.21
ICMS - Simples EPP,Encaminhar p/ Assessoria GEMED,30.555555,18,5,1
ICMS - Simples EPP,Encaminhar p/ Assessoria GEPEQ,18.673702,2274,291,1.52
ICMS - Simples EPP,Encaminhar p/ Assessoria NESPEF,26.966101,236,40,1.08
ICMS - Simples EPP,Encaminhar p/ Procurador PRODEF,34.03761,452,69,1.1
ICMS - Simples EPP,Não Classificada,36.719047,210,34,1.15
ICMS - Simples EPP,Para manifestação/providências em 15 dias,15,6,2,1
ICMS - Simples EPP,Réplica / impugnação de embargos,15,10,2,1
ICMS - Simples EPP,Via Eletrônica,15,10,3,1
ICMS - Subst. Trib. Int. Posto Fiscal,Desfavorável ao Distrito Federal,15,38,1,1
ICMS - Subst. Trib. Int. Posto Fiscal,Encaminhar p/ Assessoria DIGRAD,19.906432,171,37,1
ICMS - Subst. Trib. Int. Posto Fiscal,Encaminhar p/ Assessoria GEPEQ,20.25,16,6,2
ICMS - Subst. Trib. Int. Posto Fiscal,Não Classificada,46.666666,6,5,1
ICMS - Subst. Trib. Int. Posto Fiscal,Para manifestação/providências em 15 dias,15,5,1,1
ICMS - Substituição Tributária,Embargos de declaração,5,11,1,1
ICMS - Substituição Tributária,Encaminhar p/ Assessoria DIGRAD,27.898497,2729,470,1.11
ICMS - Substituição Tributária,Encaminhar p/ Assessoria GEFAL,32,10,1,1
ICMS - Substituição Tributária,Encaminhar p/ Assessoria GEMED,34.205882,68,5,1
ICMS - Substituição Tributária,Encaminhar p/ Assessoria GEPEQ,22.147115,1040,167,1.69
ICMS - Substituição Tributária,Encaminhar p/ Assessoria NESPEF,22.615384,65,16,1.31
ICMS - Substituição Tributária,Encaminhar p/ Procurador PRODEF,22.837837,407,57,1.32
ICMS - Substituição Tributária,Expedida,15.75,16,3,1
ICMS - Substituição Tributária,Não Classificada,43.371165,326,70,1.06
ICMS - Substituição Tributária,Não solicitado,21,1,1,1
ICMS - Substituição Tributária,Para manifestação/providências em 15 dias,25,4,1,1
ICMS - Substituição Tributária,Resposta da Solicitação,26.2,5,3,1.33
ICMS - Substituição Tributária,Via Eletrônica,32.947368,38,13,1
ICMS/ISS - Inscrição Divida Ativa,Encaminhar p/ Assessoria DIGRAD,31,1,1,1
ICMS/ISS - Inscrição Divida Ativa,Encaminhar p/ Assessoria GEPEQ,30,1,1,1
Indenização por Danos (ID),Encaminhar p/ Assessoria GEMED,28.466666,15,11,1.27
Indenização por Danos (ID),Encaminhar p/ Assessoria GEPEQ,21.148854,262,131,1.79
Indenização por Danos (ID),Encaminhar p/ Assessoria NESPEF,27.439393,66,48,1.15
Indenização por Danos (ID),Encaminhar p/ Procurador PRODEF,30.056818,88,57,1.35
Indenização por Danos (ID),Não Classificada,30,2,1,1
Indenização por Danos (ID),Resposta da Solicitação,10,4,3,1
Indenização por Danos (ID),Via Eletrônica,2,1,1,1
Inscrição Divida Ativa - TLC,Encaminhar p/ Assessoria DIGRAD,64.333333,12,7,1.71
Inscrição Divida Ativa - TLC,Encaminhar p/ Assessoria GEMED,35.833333,6,4,1.5
Inscrição Divida Ativa - TLC,Encaminhar p/ Assessoria GEPEQ,18.675675,74,34,1.59
Inscrição Divida Ativa - TLC,Encaminhar p/ Assessoria NESPEF,26.333333,30,19,1.11
Inscrição Divida Ativa - TLC,Encaminhar p/ Procurador PRODEF,35.964285,28,13,1.31
Inscrição Divida Ativa AGEFIS,Encaminhar p/ Assessoria DIGRAD,24.02439,41,23,1.26
Inscrição Divida Ativa AGEFIS,Encaminhar p/ Assessoria GEFAL,17.25,4,3,1
Inscrição Divida Ativa AGEFIS,Encaminhar p/ Assessoria GEMED,24.8,190,96,1.08
Inscrição Divida Ativa AGEFIS,Encaminhar p/ Assessoria GEPEQ,20.755539,5371,1654,1.93
Inscrição Divida Ativa AGEFIS,Encaminhar p/ Assessoria NESPEF,27.089285,224,136,1.06
Inscrição Divida Ativa AGEFIS,Encaminhar p/ Procurador PRODEF,28.87757,1070,523,1.29
Inscrição Divida Ativa AGEFIS,Não Classificada,33,1,1,1
Inscrição Divida Ativa AGEFIS,Resposta da Solicitação,13.75,4,2,1
IPTU - Imp. Predial e Territorial Urbano,Desfavorável,23,8,2,1
IPTU - Imp. Predial e Territorial Urbano,Desfavorável ao Distrito Federal,12.4,105,16,1
IPTU - Imp. Predial e Territorial Urbano,Encaminhar p/ Assessoria DIGRAD,30.227136,3007,466,1.33
IPTU - Imp. Predial e Territorial Urbano,Encaminhar p/ Assessoria GEFAL,41.121212,66,6,1
IPTU - Imp. Predial e Territorial Urbano,Encaminhar p/ Assessoria GEMED,29.845556,14290,2075,1.21
IPTU - Imp. Predial e Territorial Urbano,Encaminhar p/ Assessoria GEPEQ,21.112875,275010,22141,1.69
IPTU - Imp. Predial e Territorial Urbano,Encaminhar p/ Assessoria NESPEF,28.314584,15859,2352,1.06
IPTU - Imp. Predial e Territorial Urbano,Encaminhar p/ Assessoria NUAR,15,32,1,1
IPTU - Imp. Predial e Territorial Urbano,Encaminhar p/ Procurador NESPEF,10,2,1,1
IPTU - Imp. Predial e Territorial Urbano,Encaminhar p/ Procurador PRODEF,27.618188,74673,8772,1.29
IPTU - Imp. Predial e Territorial Urbano,Favorável ao Distrito Federal,10,10,1,1
IPTU - Imp. Predial e Territorial Urbano,Não Classificada,29.906024,415,64,1.06
IPTU - Imp. Predial e Territorial Urbano,Não solicitado,10,4,1,1
IPTU - Imp. Predial e Territorial Urbano,Resposta da Solicitação,10.007407,270,45,1.02
IPTU - Imp. Predial e Territorial Urbano,Via Eletrônica,24.457142,70,14,1.21
IPVA - Imp. Propriedade de Veículos Aut.,Desfavorável ao Distrito Federal,31,4,1,1
IPVA - Imp. Propriedade de Veículos Aut.,Encaminhar p/ Assessoria DIGRAD,31.344827,1421,111,1.32
IPVA - Imp. Propriedade de Veículos Aut.,Encaminhar p/ Assessoria GEFAL,19.386934,199,8,1
IPVA - Imp. Propriedade de Veículos Aut.,Encaminhar p/ Assessoria GEMED,30.227787,4153,859,1.24
IPVA - Imp. Propriedade de Veículos Aut.,Encaminhar p/ Assessoria GEPEQ,20.908935,111789,10938,1.77
IPVA - Imp. Propriedade de Veículos Aut.,Encaminhar p/ Assessoria NESPEF,26.119413,10853,1466,1.14
IPVA - Imp. Propriedade de Veículos Aut.,Encaminhar p/ Assessoria NUAR,17.716981,53,2,1
IPVA - Imp. Propriedade de Veículos Aut.,Encaminhar p/ Procurador PRODEF,28.227154,37054,4648,1.23
IPVA - Imp. Propriedade de Veículos Aut.,Não Classificada,18.695652,115,19,1.05
IPVA - Imp. Propriedade de Veículos Aut.,Resposta da Solicitação,10,550,35,1.09
IPVA - Imp. Propriedade de Veículos Aut.,Retificada,31,3,1,1
IPVA - Imp. Propriedade de Veículos Aut.,Via Eletrônica,16.431818,44,6,1
ISS - Auto de Infração,Encaminhar p/ Assessoria DIGRAD,27.090909,11,8,1.25
ISS - Auto de Infração,Encaminhar p/ Assessoria GEMED,27.75,8,7,1.14
ISS - Auto de Infração,Encaminhar p/ Assessoria GEPEQ,21.178571,392,186,1.9
ISS - Auto de Infração,Encaminhar p/ Assessoria NESPEF,25.277777,54,41,1.1
ISS - Auto de Infração,Encaminhar p/ Procurador PRODEF,28.198717,156,85,1.59
ISS - Auto de Infração,Não Classificada,17,1,1,1
ISS - Auto de Infração,Via Eletrônica,37.5,2,2,1
ISS - Imp. Sobre Serviços - Autônomo,Com antecipação de tutela / Liminar deferida,29.75,4,2,1
ISS - Imp. Sobre Serviços - Autônomo,Desfavorável ao Distrito Federal,20,6,2,1
ISS - Imp. Sobre Serviços - Autônomo,Encaminhar p/ Assessoria DIGRAD,31.047619,21,8,1.25
ISS - Imp. Sobre Serviços - Autônomo,Encaminhar p/ Assessoria GEMED,28.164426,2232,479,1.18
ISS - Imp. Sobre Serviços - Autônomo,Encaminhar p/ Assessoria GEPEQ,19.917003,33122,4485,1.84
ISS - Imp. Sobre Serviços - Autônomo,Encaminhar p/ Assessoria NESPEF,27.718831,2671,657,1.06
ISS - Imp. Sobre Serviços - Autônomo,Encaminhar p/ Procurador PRODEF,29.579824,5819,1163,1.29
ISS - Imp. Sobre Serviços - Autônomo,Resposta da Solicitação,11.269841,63,17,1
ISS - Imp. Sobre Serviços - Autônomo,Retificada,31,6,2,1
ISS - Imposto Sobre Serviços,Desfavorável,16,12,1,1
ISS - Imposto Sobre Serviços,Encaminhar p/ Assessoria DIGRAD,35.330578,847,118,1.33
ISS - Imposto Sobre Serviços,Encaminhar p/ Assessoria GEFAL,14.106382,47,3,1
ISS - Imposto Sobre Serviços,Encaminhar p/ Assessoria GEMED,30.695358,2219,216,1.07
ISS - Imposto Sobre Serviços,Encaminhar p/ Assessoria GEPEQ,21.267305,176517,8428,1.94
ISS - Imposto Sobre Serviços,Encaminhar p/ Assessoria NESPEF,26.536423,11174,1217,1.08
ISS - Imposto Sobre Serviços,Encaminhar p/ Assessoria PRODEF,12,1,1,1
ISS - Imposto Sobre Serviços,Encaminhar p/ Procurador NESPEF,31,8,1,1
ISS - Imposto Sobre Serviços,Encaminhar p/ Procurador PRODEF,28.559276,28249,2303,1.33
ISS - Imposto Sobre Serviços,Não Classificada,21.506329,79,14,1.07
ISS - Imposto Sobre Serviços,Pauta de Sessão de Julgamento,23,8,1,1
ISS - Imposto Sobre Serviços,Resposta da Solicitação,9.975982,458,31,1.1
ISS - Imposto Sobre Serviços,Resposta de Ofício,5,1,1,1
ISS - Imposto Sobre Serviços,Via Eletrônica,15.166666,12,3,1
ISS - Substituição Tributária,Encaminhar p/ Assessoria DIGRAD,24,60,18,1.33
ISS - Substituição Tributária,Encaminhar p/ Assessoria GEFAL,35,2,1,1
ISS - Substituição Tributária,Encaminhar p/ Assessoria GEMED,31.90909,33,7,1
ISS - Substituição Tributária,Encaminhar p/ Assessoria GEPEQ,23.419512,1845,245,1.93
ISS - Substituição Tributária,Encaminhar p/ Assessoria NESPEF,25.823333,300,54,1.48
ISS - Substituição Tributária,Encaminhar p/ Procurador PRODEF,25.43781,603,112,1.46
ISS - Substituição Tributária,Não Classificada,10,2,1,1
ISS - Substituição Tributária,Resposta da Solicitação,11.666666,3,2,1
ITBI - Imp. Transmissão Bens e Imóveis,Encaminhar p/ Assessoria DIGRAD,26.25,4,4,1
ITBI - Imp. Transmissão Bens e Imóveis,Encaminhar p/ Assessoria GEMED,22.948717,39,15,1.27
ITBI - Imp. Transmissão Bens e Imóveis,Encaminhar p/ Assessoria GEPEQ,23.378504,428,144,1.61
ITBI - Imp. Transmissão Bens e Imóveis,Encaminhar p/ Assessoria NESPEF,32.456521,184,20,1.25
ITBI - Imp. Transmissão Bens e Imóveis,Encaminhar p/ Procurador PRODEF,24.728395,324,59,1.68
ITBI - Imp. Transmissão Bens e Imóveis,Não Classificada,6,5,2,1
ITCMD - Imp. Transmissão Causa Mortis D.,Desfavorável ao Distrito Federal,31,1,1,1
ITCMD - Imp. Transmissão Causa Mortis D.,Encaminhar p/ Assessoria DIGRAD,23,1,1,1
ITCMD - Imp. Transmissão Causa Mortis D.,Encaminhar p/ Assessoria GEMED,28.120481,83,59,1.17
ITCMD - Imp. Transmissão Causa Mortis D.,Encaminhar p/ Assessoria GEPEQ,22.171161,1817,747,1.74
ITCMD - Imp. Transmissão Causa Mortis D.,Encaminhar p/ Assessoria NESPEF,30.493023,215,127,1.12
ITCMD - Imp. Transmissão Causa Mortis D.,Encaminhar p/ Procurador PRODEF,29.424444,450,210,1.46
ITCMD - Imp. Transmissão Causa Mortis D.,Não Classificada,14,4,2,1
ITCMD - Imp. Transmissão Causa Mortis D.,Resposta da Solicitação,10,2,2,1
ITCMD - Imp. Transmissão Causa Mortis D.,Via Eletrônica,18,1,1,1
Multa - Ato Lesivo Dir. Consumidor,Após manifestação,30,1,1,1
Multa - Ato Lesivo Dir. Consumidor,Encaminhar p/ Assessoria DIGRAD,29.410256,78,39,1.28
Multa - Ato Lesivo Dir. Consumidor,Encaminhar p/ Assessoria GEFAL,30.2,5,4,1
Multa - Ato Lesivo Dir. Consumidor,Encaminhar p/ Assessoria GEMED,29.921875,64,30,1.1
Multa - Ato Lesivo Dir. Consumidor,Encaminhar p/ Assessoria GEPEQ,22.485236,3827,1026,1.84
Multa - Ato Lesivo Dir. Consumidor,Encaminhar p/ Assessoria NESPEF,24.128333,600,183,1.09
Multa - Ato Lesivo Dir. Consumidor,Encaminhar p/ Procurador PRODEF,27.458552,1520,482,1.4
Multa - Ato Lesivo Dir. Consumidor,Não Classificada,17.8,10,6,1
Multa - Ato Lesivo Dir. Consumidor,Resposta da Solicitação,9.875,32,10,1.1
Multa - Ato Lesivo Limpeza Pública,Encaminhar p/ Assessoria DIGRAD,31.333333,21,10,1.7
Multa - Ato Lesivo Limpeza Pública,Encaminhar p/ Assessoria GEMED,33,4,4,1
Multa - Ato Lesivo Limpeza Pública,Encaminhar p/ Assessoria GEPEQ,20.418006,311,150,1.73
Multa - Ato Lesivo Limpeza Pública,Encaminhar p/ Assessoria NESPEF,26.365384,52,37,1
Multa - Ato Lesivo Limpeza Pública,Encaminhar p/ Procurador PRODEF,29.521008,119,69,1.42
Multa - Ato Lesivo Limpeza Pública,Não Classificada,16,1,1,1
Multa - Ato Lesivo Limpeza Pública,Réplica / impugnação de embargos,15,2,1,1
Multa - Ato Lesivo Limpeza Pública,Resposta da Solicitação,10,1,1,1
Multa - Dept. de Fiscalização de Obras,Encaminhar p/ Assessoria DIGRAD,41.407894,76,39,1.31
Multa - Dept. de Fiscalização de Obras,Encaminhar p/ Assessoria GEMED,30.660493,162,78,1.23
Multa - Dept. de Fiscalização de Obras,Encaminhar p/ Assessoria GEPEQ,20.034482,4205,1075,1.87
Multa - Dept. de Fiscalização de Obras,Encaminhar p/ Assessoria NESPEF,25.461722,418,221,1.09
Multa - Dept. de Fiscalização de Obras,Encaminhar p/ Procurador PRODEF,30.749736,947,354,1.26
Multa - Dept. de Fiscalização de Obras,Não Classificada,20.5,2,2,1
Multa - Dept. de Fiscalização de Obras,PGCONT,5,1,1,1
Multa - Dept. de Fiscalização de Obras,Resposta da Solicitação,10,22,9,1.11
Multa - Dept. de Fiscalização de Obras,Resposta de Ofício,5,2,1,1
Multa - Dept. de Fiscalização de Obras,Via Eletrônica,10,1,1,1
Multa - Desc. Clau. Contratual CGDF,Encaminhar p/ Assessoria GEFAL,17,2,1,1
Multa - Desc. Clau. Contratual CGDF,Encaminhar p/ Assessoria GEPEQ,21.066666,15,9,1.67
Multa - Desc. Clau. Contratual CGDF,Encaminhar p/ Assessoria NESPEF,31.5,2,2,1
Multa - Desc. Clau. Contratual CGDF,Encaminhar p/ Procurador PRODEF,31.857142,7,5,1.4
Multa - Desc. Clau. Contratual DFTRANS,Encaminhar p/ Assessoria NESPEF,30,1,1,1
Multa - Desc. Clau. Contratual DFTRANS,Encaminhar p/ Procurador PRODEF,33,2,1,2
Multa - Desc. Clau. Contratual FHB,Encaminhar p/ Assessoria GEPEQ,12,1,1,1
Multa - Desc. Clau. Contratual IBRAM,Encaminhar p/ Assessoria GEPEQ,23.5625,16,2,4
Multa - Desc. Clau. Contratual PROJUR,Encaminhar p/ Assessoria GEPEQ,20.297872,47,25,1.88
Multa - Desc. Clau. Contratual PROJUR,Encaminhar p/ Assessoria NESPEF,25.666666,3,1,3
Multa - Desc. Clau. Contratual PROJUR,Encaminhar p/ Procurador PRODEF,29.5,6,6,1
Multa - Desc. Clau. Contratual SDE,Encaminhar p/ Assessoria GEPEQ,12.142857,7,2,2
Multa - Desc. Clau. Contratual SDE,Encaminhar p/ Procurador PRODEF,37,2,1,1
Multa - Desc. Clau. Contratual SECT,Encaminhar p/ Assessoria GEPEQ,24.8,5,3,1.33
Multa - Desc. Clau. Contratual SECT,Encaminhar p/ Assessoria NESPEF,6,2,1,1
Multa - Desc. Clau. Contratual SEDEST,Encaminhar p/ Assessoria GEPEQ,24.48,25,11,1.82
Multa - Desc. Clau. Contratual SEDEST,Encaminhar p/ Assessoria NESPEF,16.666666,3,2,1
Multa - Desc. Clau. Contratual SEDEST,Encaminhar p/ Procurador PRODEF,20.882352,17,5,1
Multa - Desc. Clau. Contratual SEDHAB,Encaminhar p/ Assessoria GEPEQ,22.5,2,1,2
Multa - Desc. Clau. Contratual SEDHAB,Encaminhar p/ Procurador PRODEF,32,1,1,1
Multa - Desc. Clau. Contratual SEDUMA,Encaminhar p/ Assessoria GEPEQ,19.666666,3,2,1.5
Multa - Desc. Clau. Contratual SEDUMA,Encaminhar p/ Assessoria NESPEF,34,1,1,1
Multa - Desc. Clau. Contratual SEDUMA,Encaminhar p/ Procurador PRODEF,32.666666,3,1,3
Multa - Desc. Clau. Contratual SEDUMA,Não Classificada,11,1,1,1
Multa - Desc. Clau. Contratual SEE,Encaminhar p/ Assessoria GEFAL,33,1,1,1
Multa - Desc. Clau. Contratual SEE,Encaminhar p/ Assessoria GEPEQ,22.884615,52,16,2.88
Multa - Desc. Clau. Contratual SEE,Encaminhar p/ Assessoria NESPEF,33.5,2,2,1
Multa - Desc. Clau. Contratual SEE,Encaminhar p/ Procurador PRODEF,25.384615,13,8,1.25
Multa - Desc. Clau. Contratual SEE,Não Classificada,9,1,1,1
Multa - Desc. Clau. Contratual SLU/DF,Encaminhar p/ Assessoria GEPEQ,18.333333,3,2,1.5
Multa - Desc. Clau. Contratual SLU/DF,Encaminhar p/ Procurador PRODEF,34.5,2,2,1
Multa - Desc. Clau. Contratual SSP-DF,Encaminhar p/ Assessoria GEPEQ,23.482758,29,14,1.93
Multa - Desc. Clau. Contratual SSP-DF,Encaminhar p/ Assessoria NESPEF,36,4,2,1
Multa - Desc. Clau. Contratual SSP-DF,Encaminhar p/ Procurador PRODEF,27.5,6,4,1
Multa - Desc. Clau. Contratual UAT/SEF,Encaminhar p/ Assessoria GEPEQ,23.285714,7,2,3.5
Multa - Desc. Clau. Contratual UAT/SEF,Encaminhar p/ Procurador PRODEF,8,1,1,1
Multa - Desc. Clau. Contratual UAT/ST,Encaminhar p/ Assessoria GEPEQ,17.88,25,2,4.5
Multa - Desc. Licitações ou Contratos,Encaminhar p/ Assessoria DIGRAD,30,2,1,1
Multa - Desc. Licitações ou Contratos,Encaminhar p/ Assessoria GEMED,31,1,1,1
Multa - Desc. Licitações ou Contratos,Encaminhar p/ Assessoria GEPEQ,20.208835,249,68,2.01
Multa - Desc. Licitações ou Contratos,Encaminhar p/ Assessoria NESPEF,28.851351,74,8,1.38
Multa - Desc. Licitações ou Contratos,Encaminhar p/ Procurador PRODEF,25.357142,84,32,1.34
Multa - IBRAM,Desfavorável ao Distrito Federal,10,1,1,1
Multa - IBRAM,Encaminhar p/ Assessoria DIGRAD,26.555555,9,5,1.2
Multa - IBRAM,Encaminhar p/ Assessoria GEMED,33.4,10,10,1
Multa - IBRAM,Encaminhar p/ Assessoria GEPEQ,20.028604,874,316,2.18
Multa - IBRAM,Encaminhar p/ Assessoria NESPEF,28.490196,51,32,1.09
Multa - IBRAM,Encaminhar p/ Procurador PRODEF,27.639455,147,83,1.4
Multa - IBRAM,Resposta da Solicitação,5,2,1,1
Multa - IBRAM,Via Eletrônica,10,3,1,1
Multa - Infração ao Regulamento STPC-DF,Encaminhar p/ Assessoria DIGRAD,31.135922,103,7,1
Multa - Infração ao Regulamento STPC-DF,Encaminhar p/ Assessoria GEFAL,30.015384,130,2,1
Multa - Infração ao Regulamento STPC-DF,Encaminhar p/ Assessoria GEMED,34.636363,55,3,1
Multa - Infração ao Regulamento STPC-DF,Encaminhar p/ Assessoria GEPEQ,19.519928,21326,361,1.71
Multa - Infração ao Regulamento STPC-DF,Encaminhar p/ Assessoria NESPEF,31.461347,4023,90,1.38
Multa - Infração ao Regulamento STPC-DF,Encaminhar p/ Procurador PRODEF,23.813286,6277,162,1.25
Multa - Infração ao Regulamento STPC-DF,Não Classificada,25,127,1,1
Multa - Infração ao Regulamento STPC-DF,Resposta da Solicitação,10,5,1,1
Multa - Infração Trânsito - DETRAN,Encaminhar p/ Assessoria GEPEQ,12,1,1,1
Multa - Norma Prot Incêndio/Pânico,Encaminhar p/ Assessoria DIGRAD,11,3,1,1
Multa - Norma Prot Incêndio/Pânico,Encaminhar p/ Assessoria GEMED,31,1,1,1
Multa - Norma Prot Incêndio/Pânico,Encaminhar p/ Assessoria GEPEQ,20.411111,270,62,2.26
Multa - Norma Prot Incêndio/Pânico,Encaminhar p/ Assessoria NESPEF,29.538461,13,8,1.13
Multa - Norma Prot Incêndio/Pânico,Encaminhar p/ Procurador PRODEF,22.242424,33,16,1.38
Multa - Parques e Jardins (PJ),Encaminhar p/ Assessoria NESPEF,34,1,1,1
Multa - Seapa-DF,Encaminhar p/ Assessoria GEMED,28.75,8,5,1
Multa - Seapa-DF,Encaminhar p/ Assessoria GEPEQ,23.583333,216,32,2.06
Multa - Seapa-DF,Encaminhar p/ Assessoria NESPEF,59,1,1,1
Multa - Seapa-DF,Encaminhar p/ Procurador PRODEF,33.571428,21,7,1
Multa - Secretaria de Saúde (MSS),Encaminhar p/ Assessoria DIGRAD,28.289156,83,25,1.44
Multa - Secretaria de Saúde (MSS),Encaminhar p/ Assessoria GEFAL,11,1,1,1
Multa - Secretaria de Saúde (MSS),Encaminhar p/ Assessoria GEMED,25.84507,71,34,1.15
Multa - Secretaria de Saúde (MSS),Encaminhar p/ Assessoria GEPEQ,21.339418,2684,802,1.83
Multa - Secretaria de Saúde (MSS),Encaminhar p/ Assessoria NESPEF,24.109433,265,138,1.12
Multa - Secretaria de Saúde (MSS),Encaminhar p/ Procurador PRODEF,27.470588,731,300,1.3
Multa - Secretaria de Saúde (MSS),Não Classificada,20.5,2,2,1
Multa - Secretaria de Saúde (MSS),Resposta da Solicitação,10,5,2,1
Multa - Secretaria de Saúde (MSS),Via Eletrônica,1,2,1,1
Multa - Serviços de Táxi (MTX),Encaminhar p/ Assessoria GEMED,32,1,1,1
Multa - Serviços de Táxi (MTX),Encaminhar p/ Assessoria GEPEQ,28.682926,41,2,5
Multa - Serviços de Táxi (MTX),Encaminhar p/ Procurador PRODEF,32,3,1,1
Multa - Serviços de transportes (MTR),Encaminhar p/ Assessoria GEPEQ,24.357142,14,7,1.86
Multa - Serviços de transportes (MTR),Encaminhar p/ Assessoria NESPEF,35,2,2,1
Multa - Serviços de transportes (MTR),Encaminhar p/ Procurador PRODEF,28.428571,7,5,1.4
Multas - Acessórias,Encaminhar p/ Assessoria DIGRAD,51.479791,2301,739,1.42
Multas - Acessórias,Encaminhar p/ Assessoria GEFAL,11,1,1,1
Multas - Acessórias,Encaminhar p/ Assessoria GEMED,30.42056,107,64,1.03
Multas - Acessórias,Encaminhar p/ Assessoria GEPEQ,21.379521,7989,2417,1.82
Multas - Acessórias,Encaminhar p/ Assessoria NESPEF,27.151645,699,349,1.07
Multas - Acessórias,Encaminhar p/ Procurador PRODEF,28.735487,1671,680,1.25
Multas - Acessórias,Expedida,15,2,1,1
Multas - Acessórias,Intimação - Cumprimento de Sentença - quantia certa Art. 535,15,1,1,1
Multas - Acessórias,Não Classificada,34.107142,140,59,1.1
Multas - Acessórias,Não solicitado,9,2,1,1
Multas - Acessórias,Para manifestação/providências em 15 dias,15,2,2,1
Multas - Acessórias,Para manifestação/providências em 20 dias,17.5,2,1,1
Multas - Acessórias,Réplica / impugnação de embargos,15,10,2,1
Multas - Acessórias,Resposta da Solicitação,12.272727,33,11,1.18
Multas - Acessórias,Via Eletrônica,16.076923,13,7,1
Multas - Originárias,Encaminhar p/ Assessoria DIGRAD,32,2,2,1
Multas - Originárias,Encaminhar p/ Assessoria GEMED,24.5,2,2,1
Multas - Originárias,Encaminhar p/ Assessoria GEPEQ,19.451045,909,24,2.38
Multas - Originárias,Encaminhar p/ Assessoria NESPEF,12,37,2,1
Multas - Originárias,Encaminhar p/ Procurador PRODEF,20.133333,135,7,1.43
Multas - Originárias,Via Eletrônica,30,1,1,1
Multas e Taxas Diversas,Encaminhar p/ Assessoria DIGRAD,27.75,36,5,1.4
Multas e Taxas Diversas,Encaminhar p/ Assessoria GEMED,30.552238,67,15,1.2
Multas e Taxas Diversas,Encaminhar p/ Assessoria GEPEQ,18.020495,1171,265,1.7
Multas e Taxas Diversas,Encaminhar p/ Assessoria NESPEF,30.666666,54,37,1.03
Multas e Taxas Diversas,Encaminhar p/ Procurador PRODEF,29.501706,293,92,1.26
Multas e Taxas Diversas,Não Classificada,51,1,1,1
Multas e Taxas Diversas,Resposta da Solicitação,9.444444,9,2,1
Multas e Taxas Diversas,Via Eletrônica,30,1,1,1
Outorga Onerosa Alteração Uso A. Claras,Encaminhar p/ Assessoria GEPEQ,23.7,10,6,1.17
Outorga Onerosa Alteração Uso A. Claras,Encaminhar p/ Assessoria NESPEF,14.583333,12,3,1.67
Outorga Onerosa Alteração Uso A. Claras,Encaminhar p/ Procurador PRODEF,14.535714,28,6,2.17
Outorga Onerosa Alteração Uso Ceilândia,Encaminhar p/ Assessoria GEPEQ,11.5,4,2,2
Outorga Onerosa Alteração Uso R. Fundo I,Encaminhar p/ Assessoria GEMED,12,1,1,1
Outorga Onerosa Alteração Uso R. Fundo I,Encaminhar p/ Assessoria GEPEQ,14.1,10,6,1.67
Outorga Onerosa Alteração Uso R. Fundo I,Encaminhar p/ Assessoria NESPEF,32,1,1,1
Outorga Onerosa Alteração Uso R. Fundo I,Encaminhar p/ Procurador PRODEF,20.5,2,2,1
Outorga Onerosa Alteração Uso Samambaia,Encaminhar p/ Assessoria GEPEQ,20.923076,13,9,1.44
Outorga Onerosa Alteração Uso Samambaia,Encaminhar p/ Assessoria NESPEF,33,3,3,1
Outorga Onerosa Alteração Uso Samambaia,Encaminhar p/ Procurador PRODEF,23.125,8,3,2.33
Outorga Onerosa Alteração Uso Taguatinga,Encaminhar p/ Assessoria DIGRAD,10,1,1,1
Outorga Onerosa Alteração Uso Taguatinga,Encaminhar p/ Assessoria GEPEQ,25.363636,11,6,1.83
Outorga Onerosa Alteração Uso Taguatinga,Encaminhar p/ Assessoria NESPEF,35.833333,6,5,1.2
Outorga Onerosa Alteração Uso Taguatinga,Encaminhar p/ Procurador PRODEF,26.571428,7,7,1
Outorga Onerosa D Construir R. Fundo I,Encaminhar p/ Assessoria GEMED,12,1,1,1
Outorga Onerosa D Construir R. Fundo I,Encaminhar p/ Assessoria GEPEQ,14.384615,13,4,2.25
Outorga Onerosa D. Construir A. Claras,Encaminhar p/ Assessoria GEPEQ,23.5,2,2,1
Outorga Onerosa D. Construir A. Claras,Encaminhar p/ Assessoria NESPEF,16,4,2,2
Outorga Onerosa D. Construir A. Claras,Encaminhar p/ Procurador PRODEF,12.777777,9,3,2.33
Outorga Onerosa D. Construir Ceilândia,Encaminhar p/ Assessoria GEPEQ,25,1,1,1
Outorga Onerosa D. Construir Samambaia,Encaminhar p/ Assessoria NESPEF,34,1,1,1
Outorga Onerosa D. Construir Samambaia,Encaminhar p/ Procurador PRODEF,21.75,4,1,3
Outorga Onerosa Direito de Uso Gama,Encaminhar p/ Assessoria GEMED,11,1,1,1
Outorga Onerosa Direito de Uso Gama,Encaminhar p/ Assessoria GEPEQ,17,11,6,1.83
Outorga Onerosa Direito de Uso Gama,Encaminhar p/ Procurador PRODEF,34,1,1,1
PINAT,Encaminhar p/ Assessoria GEPEQ,11.5,2,2,1
PINAT,Encaminhar p/ Assessoria NESPEF,20.5,2,1,2
Preço Público,Encaminhar p/ Assessoria DIGRAD,18,11,7,1.14
Preço Público,Encaminhar p/ Assessoria GEFAL,12,1,1,1
Preço Público,Encaminhar p/ Assessoria GEMED,31.35849,106,35,1.31
Preço Público,Encaminhar p/ Assessoria GEPEQ,18.210928,4319,716,2
Preço Público,Encaminhar p/ Assessoria NESPEF,23.553956,278,85,1.11
Preço Público,Encaminhar p/ Procurador PRODEF,28.384196,367,140,1.36
Preço Público,Não Classificada,30.666666,3,2,1
Preço Público,Resposta da Solicitação,6.923076,13,4,1
Reposições e Indenizações,Desfavorável ao Distrito Federal,30,1,1,1
Reposições e Indenizações,Encaminhar p/ Assessoria DIGRAD,34.833333,6,3,1
Reposições e Indenizações,Encaminhar p/ Assessoria GEMED,27.689956,229,151,1.31
Reposições e Indenizações,Encaminhar p/ Assessoria GEPEQ,21.906844,2630,584,1.85
Reposições e Indenizações,Encaminhar p/ Assessoria NESPEF,31.005291,189,124,1.13
Reposições e Indenizações,Encaminhar p/ Procurador PRODEF,28.522813,526,277,1.43
Reposições e Indenizações,Não Classificada,28,18,4,1
Reposições e Indenizações,Via Eletrônica,3,1,1,1
Restituições e Indenizações,Encaminhar p/ Assessoria GEMED,10.5,2,1,1
Restituições e Indenizações,Encaminhar p/ Procurador PRODEF,31,1,1,1
Simples Candango,Encaminhar p/ Assessoria DIGRAD,35.517766,394,105,1.35
Simples Candango,Encaminhar p/ Assessoria GEMED,28.038043,184,62,1.1
Simples Candango,Encaminhar p/ Assessoria GEPEQ,20.304545,7260,1780,1.44
Simples Candango,Encaminhar p/ Assessoria NESPEF,27.381882,563,196,1.06
Simples Candango,Encaminhar p/ Procurador PRODEF,28.326434,1691,491,1.18
Simples Candango,Não Classificada,25.645161,31,9,1
Simples Candango,Para manifestação/providências em 15 dias,15,6,1,2
Simples Candango,Para manifestação/providências em 20 dias,17.5,12,1,1
Simples Candango,Resposta da Solicitação,8.8,5,2,1
Taxa de Concessão de Direito Real de Uso,Encaminhar p/ Assessoria GEPEQ,21.453125,64,13,1.77
Taxa de Concessão de Direito Real de Uso,Encaminhar p/ Assessoria NESPEF,30,1,1,1
Taxa de Concessão de Direito Real de Uso,Encaminhar p/ Procurador PRODEF,35,2,1,1
Taxa de Execução de Obras - TEO,Encaminhar p/ Assessoria DIGRAD,24.052631,76,26,1
Taxa de Execução de Obras - TEO,Encaminhar p/ Assessoria GEMED,33.85215,372,107,1.27
Taxa de Execução de Obras - TEO,Encaminhar p/ Assessoria GEPEQ,19.657602,8385,1544,1.92
Taxa de Execução de Obras - TEO,Encaminhar p/ Assessoria NESPEF,23.853242,586,176,1.09
Taxa de Execução de Obras - TEO,Encaminhar p/ Procurador PRODEF,29.069681,1349,354,1.33
Taxa de Execução de Obras - TEO,Não Classificada,8.96,25,7,1
Taxa de Execução de Obras - TEO,Resposta da Solicitação,10.90909,11,5,1
Taxa de Execução de Obras - TEO,Via Eletrônica,18.571428,7,2,1
Taxa de Execução de Obras - TEO,Vista Pessoal,10,1,1,1
Taxa de Fiscalização do Uso Área Pública,Encaminhar p/ Assessoria DIGRAD,12.631578,19,4,1.25
Taxa de Fiscalização do Uso Área Pública,Encaminhar p/ Assessoria GEMED,29.489361,94,19,1.47
Taxa de Fiscalização do Uso Área Pública,Encaminhar p/ Assessoria GEPEQ,18.63601,2577,352,2.13
Taxa de Fiscalização do Uso Área Pública,Encaminhar p/ Assessoria NESPEF,20.379032,124,36,1.03
Taxa de Fiscalização do Uso Área Pública,Encaminhar p/ Procurador PRODEF,29.446327,354,67,1.34
Taxa de Fiscalização do Uso Área Pública,Não Classificada,31,2,2,1
Taxa de Fiscalização do Uso Área Pública,Resposta da Solicitação,8,5,3,1
Taxa de Fiscalização do Uso Área Pública,Resposta de Ofício,5,1,1,1
Taxa Fisc. Loc. Inst. Func,Encaminhar p/ Assessoria GEMED,32,1,1,1
Taxa Fisc. Loc. Inst. Func,Encaminhar p/ Assessoria GEPEQ,17,8,4,2
Taxa Fisc. Loc. Inst. Func,Encaminhar p/ Assessoria NESPEF,34,1,1,1
Taxa Fisc. Loc. Inst. Func,Encaminhar p/ Procurador PRODEF,31,7,3,1.67
Taxa Fiscalização Anúncios,Encaminhar p/ Assessoria GEPEQ,12.5,4,4,1
Taxa Fiscalização Anúncios,Encaminhar p/ Procurador PRODEF,31.666666,3,2,1.5
Taxa Fiscalização de Obras,Encaminhar p/ Assessoria GEPEQ,13,1,1,1
TEO - Taxa de Funcionamento Estab.,Encaminhar p/ Assessoria DIGRAD,23.39416,137,45,1.16
TEO - Taxa de Funcionamento Estab.,Encaminhar p/ Assessoria GEFAL,34,5,1,1
TEO - Taxa de Funcionamento Estab.,Encaminhar p/ Assessoria GEMED,30.988416,259,107,1.07
TEO - Taxa de Funcionamento Estab.,Encaminhar p/ Assessoria GEPEQ,20.327322,11646,2288,2.19
TEO - Taxa de Funcionamento Estab.,Encaminhar p/ Assessoria NESPEF,25.678,500,179,1.09
TEO - Taxa de Funcionamento Estab.,Encaminhar p/ Procurador PRODEF,28.066348,2095,618,1.23
TEO - Taxa de Funcionamento Estab.,Não Classificada,11.4,10,5,1
TEO - Taxa de Funcionamento Estab.,Para manifestação de interesse,27,16,1,1
TEO - Taxa de Funcionamento Estab.,Resposta da Solicitação,10,6,6,1
TEO - Taxa de Funcionamento Estab.,Via Eletrônica,25.555555,9,3,2.33
TLP - Taxa de Limpeza Pública,Desfavorável,23,8,2,1
TLP - Taxa de Limpeza Pública,Desfavorável ao Distrito Federal,12.230769,104,15,1
TLP - Taxa de Limpeza Pública,Encaminhar p/ Assessoria DIGRAD,30.154929,2840,435,1.33
TLP - Taxa de Limpeza Pública,Encaminhar p/ Assessoria GEFAL,39.5,68,7,1
TLP - Taxa de Limpeza Pública,Encaminhar p/ Assessoria GEMED,29.820895,14137,2043,1.21
TLP - Taxa de Limpeza Pública,Encaminhar p/ Assessoria GEPEQ,21.135673,267436,21856,1.7
TLP - Taxa de Limpeza Pública,Encaminhar p/ Assessoria NESPEF,27.806961,15256,2324,1.06
TLP - Taxa de Limpeza Pública,Encaminhar p/ Assessoria NUAR,15,31,1,1
TLP - Taxa de Limpeza Pública,Encaminhar p/ Procurador PRODEF,27.537522,71876,8603,1.28
TLP - Taxa de Limpeza Pública,Favorável ao Distrito Federal,10,10,1,1
TLP - Taxa de Limpeza Pública,Não Classificada,30.510695,374,60,1.05
TLP - Taxa de Limpeza Pública,Não solicitado,10,4,1,1
TLP - Taxa de Limpeza Pública,Resposta da Solicitação,10.007299,274,44,1.02
TLP - Taxa de Limpeza Pública,Via Eletrônica,25.796875,64,14,1.21
TO - Taxa de Ocupação,Encaminhar p/ Assessoria GEMED,27.391304,23,11,1.27
TO - Taxa de Ocupação,Encaminhar p/ Assessoria GEPEQ,20.07971,690,220,1.8
TO - Taxa de Ocupação,Encaminhar p/ Assessoria NESPEF,27.259259,81,36,1.03
TO - Taxa de Ocupação,Encaminhar p/ Procurador PRODEF,29.012195,164,57,1.33
TO - Taxa de Ocupação,Não Classificada,33.833333,6,3,1
TO - Taxa de Ocupação,Resposta da Solicitação,10,1,1,1
TO - Taxa de Ocupação,Via Eletrônica,10,9,1,1